{
  "project_info": {
    "project_number": "341829432631",
    "project_id": "jobapplication-391ef",
    "storage_bucket": "jobapplication-391ef.appspot.com"
  },
  "client": [
    {
      "client_info": {
        "mobilesdk_app_id": "1:341829432631:android:c3136470d057ffdf68d6b2",
        "android_client_info": {
          "package_name": "com.example.jobapplication"
        }
      },
      "oauth_client": [
        {
          "client_id": "341829432631-r422l0r2nol888iqvr0rn99815s34ipk.apps.googleusercontent.com",
          "client_type": 3
        }
      ],
      "api_key": [
        {
          "current_key": "AIzaSyDibMxvhEe7bOGsVEiM4gr7z6RV15XSY1o"
        }
      ],
      "services": {
        "appinvite_service": {
          "other_platform_oauth_client": [
            {
              "client_id": "341829432631-r422l0r2nol888iqvr0rn99815s34ipk.apps.googleusercontent.com",
              "client_type": 3
            }
          ]
        }
      }
    }
  ],
  "configuration_version": "1"
}